EntityName;DataYear;Index;Value
Bulgaria;2018;Fixed broadband 5GB;1,62
Bulgaria;2018;Mobile broadband data only 1.5 GB;0,90
Bulgaria;2018;Mobile Cellular Low Usage;1,88
Bulgaria;2018;Mobile Data and Voice Low Usage;1,96
Bulgaria;2018;Mobile Data and Voice High Usage;3,19
Bulgaria;2019;Fixed broadband 5GB;1,62
Bulgaria;2019;Mobile broadband data only 1.5 GB;0,90
Bulgaria;2019;Mobile Cellular Low Usage;2,04
Bulgaria;2019;Mobile Data and Voice Low Usage;1,96
Bulgaria;2019;Mobile Data and Voice High Usage;2,65
Bulgaria;2020;Fixed broadband 5GB;1,73
Bulgaria;2020;Mobile broadband data only 1.5 GB;1,23
Bulgaria;2020;Mobile Cellular Low Usage;1,65
Bulgaria;2020;Mobile Data and Voice Low Usage;1,67
Bulgaria;2020;Mobile Data and Voice High Usage;2,19
Bulgaria;2018;Fixed broadband 5GB;26,38
Bulgaria;2018;Mobile broadband data only 1.5 GB;14,64
Bulgaria;2018;Mobile Cellular Low Usage;30,64
Bulgaria;2018;Mobile Data and Voice Low Usage;31,95
Bulgaria;2018;Mobile Data and Voice High Usage;52,08
Bulgaria;2019;Fixed broadband 5GB;26,38
Bulgaria;2019;Mobile broadband data only 1.5 GB;14,64
Bulgaria;2019;Mobile Cellular Low Usage;33,30
Bulgaria;2019;Mobile Data and Voice Low Usage;31,95
Bulgaria;2019;Mobile Data and Voice High Usage;43,13
Bulgaria;2020;Fixed broadband 5GB;31,60
Bulgaria;2020;Mobile broadband data only 1.5 GB;22,56
Bulgaria;2020;Mobile Cellular Low Usage;30,26
Bulgaria;2020;Mobile Data and Voice Low Usage;30,52
Bulgaria;2020;Mobile Data and Voice High Usage;40,06
Bulgaria;2018;Fixed broadband 5GB;11,95
Bulgaria;2018;Mobile broadband data only 1.5 GB;6,63
Bulgaria;2018;Mobile Cellular Low Usage;13,87
Bulgaria;2018;Mobile Data and Voice Low Usage;14,47
Bulgaria;2018;Mobile Data and Voice High Usage;23,58
Bulgaria;2019;Fixed broadband 5GB;11,95
Bulgaria;2019;Mobile broadband data only 1.5 GB;6,63
Bulgaria;2019;Mobile Cellular Low Usage;15,08
Bulgaria;2019;Mobile Data and Voice Low Usage;14,47
Bulgaria;2019;Mobile Data and Voice High Usage;19,53
Bulgaria;2020;Fixed broadband 5GB;13,80
Bulgaria;2020;Mobile broadband data only 1.5 GB;9,85
Bulgaria;2020;Mobile Cellular Low Usage;13,21
Bulgaria;2020;Mobile Data and Voice Low Usage;13,33
Bulgaria;2020;Mobile Data and Voice High Usage;17,49
Croatia;2018;Fixed broadband 5GB;2,15
Croatia;2018;Mobile broadband data only 1.5 GB;1,37
Croatia;2018;Mobile Cellular Low Usage;0,33
Croatia;2018;Mobile Data and Voice Low Usage;0,73
Croatia;2018;Mobile Data and Voice High Usage;0,75
Croatia;2019;Fixed broadband 5GB;0,67
Croatia;2019;Mobile broadband data only 1.5 GB;1,37
Croatia;2019;Mobile Cellular Low Usage;2,06
Croatia;2019;Mobile Data and Voice Low Usage;2,06
Croatia;2019;Mobile Data and Voice High Usage;2,06
Croatia;2020;Fixed broadband 5GB;0,60
Croatia;2020;Mobile broadband data only 1.5 GB;1,60
Croatia;2020;Mobile Cellular Low Usage;1,60
Croatia;2020;Mobile Data and Voice Low Usage;1,60
Croatia;2020;Mobile Data and Voice High Usage;1,60
Croatia;2018;Fixed broadband 5GB;40,06
Croatia;2018;Mobile broadband data only 1.5 GB;25,43
Croatia;2018;Mobile Cellular Low Usage;6,17
Croatia;2018;Mobile Data and Voice Low Usage;13,62
Croatia;2018;Mobile Data and Voice High Usage;13,87
Croatia;2019;Fixed broadband 5GB;12,53
Croatia;2019;Mobile broadband data only 1.5 GB;25,43
Croatia;2019;Mobile Cellular Low Usage;38,28
Croatia;2019;Mobile Data and Voice Low Usage;38,28
Croatia;2019;Mobile Data and Voice High Usage;38,28
Croatia;2020;Fixed broadband 5GB;12,68
Croatia;2020;Mobile broadband data only 1.5 GB;33,52
Croatia;2020;Mobile Cellular Low Usage;33,52
Croatia;2020;Mobile Data and Voice Low Usage;33,52
Croatia;2020;Mobile Data and Voice High Usage;33,52
Croatia;2018;Fixed broadband 5GB;24,84
Croatia;2018;Mobile broadband data only 1.5 GB;15,77
Croatia;2018;Mobile Cellular Low Usage;3,82
Croatia;2018;Mobile Data and Voice Low Usage;8,44
Croatia;2018;Mobile Data and Voice High Usage;8,60
Croatia;2019;Fixed broadband 5GB;7,77
Croatia;2019;Mobile broadband data only 1.5 GB;15,77
Croatia;2019;Mobile Cellular Low Usage;23,73
Croatia;2019;Mobile Data and Voice Low Usage;23,73
Croatia;2019;Mobile Data and Voice High Usage;23,73
Croatia;2020;Fixed broadband 5GB;7,32
Croatia;2020;Mobile broadband data only 1.5 GB;19,36
Croatia;2020;Mobile Cellular Low Usage;19,36
Croatia;2020;Mobile Data and Voice Low Usage;19,36
Croatia;2020;Mobile Data and Voice High Usage;19,36
Cyprus;2018;Fixed broadband 5GB;0,86
Cyprus;2018;Mobile broadband data only 1.5 GB;0,97
Cyprus;2018;Mobile Cellular Low Usage;0,33
Cyprus;2018;Mobile Data and Voice Low Usage;0,92
Cyprus;2018;Mobile Data and Voice High Usage;2,05
Cyprus;2019;Fixed broadband 5GB;0,86
Cyprus;2019;Mobile broadband data only 1.5 GB;0,97
Cyprus;2019;Mobile Cellular Low Usage;0,59
Cyprus;2019;Mobile Data and Voice Low Usage;0,92
Cyprus;2019;Mobile Data and Voice High Usage;1,64
Cyprus;2020;Fixed broadband 5GB;0,90
Cyprus;2020;Mobile broadband data only 1.5 GB;0,90
Cyprus;2020;Mobile Cellular Low Usage;0,55
Cyprus;2020;Mobile Data and Voice Low Usage;0,85
Cyprus;2020;Mobile Data and Voice High Usage;1,40
Cyprus;2018;Fixed broadband 5GB;23,17
Cyprus;2018;Mobile broadband data only 1.5 GB;26,00
Cyprus;2018;Mobile Cellular Low Usage;8,93
Cyprus;2018;Mobile Data and Voice Low Usage;24,56
Cyprus;2018;Mobile Data and Voice High Usage;54,90
Cyprus;2019;Fixed broadband 5GB;23,17
Cyprus;2019;Mobile broadband data only 1.5 GB;26,00
Cyprus;2019;Mobile Cellular Low Usage;15,89
Cyprus;2019;Mobile Data and Voice Low Usage;24,56
Cyprus;2019;Mobile Data and Voice High Usage;44,06
Cyprus;2020;Fixed broadband 5GB;27,41
Cyprus;2020;Mobile broadband data only 1.5 GB;27,41
Cyprus;2020;Mobile Cellular Low Usage;16,75
Cyprus;2020;Mobile Data and Voice Low Usage;25,89
Cyprus;2020;Mobile Data and Voice High Usage;42,64
Cyprus;2018;Fixed broadband 5GB;18,94
Cyprus;2018;Mobile broadband data only 1.5 GB;21,26
Cyprus;2018;Mobile Cellular Low Usage;7,30
Cyprus;2018;Mobile Data and Voice Low Usage;20,08
Cyprus;2018;Mobile Data and Voice High Usage;44,88
Cyprus;2019;Fixed broadband 5GB;18,94
Cyprus;2019;Mobile broadband data only 1.5 GB;21,26
Cyprus;2019;Mobile Cellular Low Usage;12,99
Cyprus;2019;Mobile Data and Voice Low Usage;20,08
Cyprus;2019;Mobile Data and Voice High Usage;36,02
Cyprus;2020;Fixed broadband 5GB;20,41
Cyprus;2020;Mobile broadband data only 1.5 GB;20,41
Cyprus;2020;Mobile Cellular Low Usage;12,48
Cyprus;2020;Mobile Data and Voice Low Usage;19,28
Cyprus;2020;Mobile Data and Voice High Usage;31,76
Czech Republic;2018;Fixed broadband 5GB;1,36
Czech Republic;2018;Mobile broadband data only 1.5 GB;0,54
Czech Republic;2018;Mobile Cellular Low Usage;0,85
Czech Republic;2018;Mobile Data and Voice Low Usage;1,44
Czech Republic;2018;Mobile Data and Voice High Usage;2,18
Czech Republic;2019;Fixed broadband 5GB;1,36
Czech Republic;2019;Mobile broadband data only 1.5 GB;0,54
Czech Republic;2019;Mobile Cellular Low Usage;1,44
Czech Republic;2019;Mobile Data and Voice Low Usage;1,44
Czech Republic;2019;Mobile Data and Voice High Usage;2,18
Czech Republic;2020;Fixed broadband 5GB;0,95
Czech Republic;2020;Mobile broadband data only 1.5 GB;0,30
Czech Republic;2020;Mobile Cellular Low Usage;0,59
Czech Republic;2020;Mobile Data and Voice Low Usage;0,89
Czech Republic;2020;Mobile Data and Voice High Usage;1,01
Czech Republic;2018;Fixed broadband 5GB;35,92
Czech Republic;2018;Mobile broadband data only 1.5 GB;14,32
Czech Republic;2018;Mobile Cellular Low Usage;22,39
Czech Republic;2018;Mobile Data and Voice Low Usage;38,08
Czech Republic;2018;Mobile Data and Voice High Usage;57,52
Czech Republic;2019;Fixed broadband 5GB;35,92
Czech Republic;2019;Mobile broadband data only 1.5 GB;14,32
Czech Republic;2019;Mobile Cellular Low Usage;38,08
Czech Republic;2019;Mobile Data and Voice Low Usage;38,08
Czech Republic;2019;Mobile Data and Voice High Usage;57,52
Czech Republic;2020;Fixed broadband 5GB;28,59
Czech Republic;2020;Mobile broadband data only 1.5 GB;8,96
Czech Republic;2020;Mobile Cellular Low Usage;17,92
Czech Republic;2020;Mobile Data and Voice Low Usage;26,87
Czech Republic;2020;Mobile Data and Voice High Usage;30,46
Czech Republic;2018;Fixed broadband 5GB;22,96
Czech Republic;2018;Mobile broadband data only 1.5 GB;9,16
Czech Republic;2018;Mobile Cellular Low Usage;14,31
Czech Republic;2018;Mobile Data and Voice Low Usage;24,34
Czech Republic;2018;Mobile Data and Voice High Usage;36,77
Czech Republic;2019;Fixed broadband 5GB;22,96
Czech Republic;2019;Mobile broadband data only 1.5 GB;9,16
Czech Republic;2019;Mobile Cellular Low Usage;24,34
Czech Republic;2019;Mobile Data and Voice Low Usage;24,34
Czech Republic;2019;Mobile Data and Voice High Usage;36,77
Czech Republic;2020;Fixed broadband 5GB;16,89
Czech Republic;2020;Mobile broadband data only 1.5 GB;5,29
Czech Republic;2020;Mobile Cellular Low Usage;10,59
Czech Republic;2020;Mobile Data and Voice Low Usage;15,88
Czech Republic;2020;Mobile Data and Voice High Usage;18,00
Denmark;2018;Fixed broadband 5GB;0,88
Denmark;2018;Mobile broadband data only 1.5 GB;0,38
Denmark;2018;Mobile Cellular Low Usage;0,47
Denmark;2018;Mobile Data and Voice Low Usage;0,47
Denmark;2018;Mobile Data and Voice High Usage;0,47
Denmark;2019;Fixed broadband 5GB;0,88
Denmark;2019;Mobile broadband data only 1.5 GB;0,38
Denmark;2019;Mobile Cellular Low Usage;0,53
Denmark;2019;Mobile Data and Voice Low Usage;0,53
Denmark;2019;Mobile Data and Voice High Usage;0,53
Denmark;2020;Fixed broadband 5GB;0,82
Denmark;2020;Mobile broadband data only 1.5 GB;0,35
Denmark;2020;Mobile Cellular Low Usage;0,50
Denmark;2020;Mobile Data and Voice Low Usage;0,50
Denmark;2020;Mobile Data and Voice High Usage;0,50
Denmark;2018;Fixed broadband 5GB;34,92
Denmark;2018;Mobile broadband data only 1.5 GB;14,89
Denmark;2018;Mobile Cellular Low Usage;18,65
Denmark;2018;Mobile Data and Voice Low Usage;18,65
Denmark;2018;Mobile Data and Voice High Usage;18,65
Denmark;2019;Fixed broadband 5GB;34,92
Denmark;2019;Mobile broadband data only 1.5 GB;14,89
Denmark;2019;Mobile Cellular Low Usage;21,15
Denmark;2019;Mobile Data and Voice Low Usage;21,15
Denmark;2019;Mobile Data and Voice High Usage;21,15
Denmark;2020;Fixed broadband 5GB;36,28
Denmark;2020;Mobile broadband data only 1.5 GB;15,48
Denmark;2020;Mobile Cellular Low Usage;21,98
Denmark;2020;Mobile Data and Voice Low Usage;21,98
Denmark;2020;Mobile Data and Voice High Usage;21,98
Denmark;2018;Fixed broadband 5GB;44,18
Denmark;2018;Mobile broadband data only 1.5 GB;18,85
Denmark;2018;Mobile Cellular Low Usage;23,60
Denmark;2018;Mobile Data and Voice Low Usage;23,60
Denmark;2018;Mobile Data and Voice High Usage;23,60
Denmark;2019;Fixed broadband 5GB;44,18
Denmark;2019;Mobile broadband data only 1.5 GB;18,85
Denmark;2019;Mobile Cellular Low Usage;26,76
Denmark;2019;Mobile Data and Voice Low Usage;26,76
Denmark;2019;Mobile Data and Voice High Usage;26,76
Denmark;2020;Fixed broadband 5GB;42,45
Denmark;2020;Mobile broadband data only 1.5 GB;18,10
Denmark;2020;Mobile Cellular Low Usage;25,71
Denmark;2020;Mobile Data and Voice Low Usage;25,71
Denmark;2020;Mobile Data and Voice High Usage;25,71
Estonia;2018;Fixed broadband 5GB;1,08
Estonia;2018;Mobile broadband data only 1.5 GB;0,68
Estonia;2018;Mobile Cellular Low Usage;0,34
Estonia;2018;Mobile Data and Voice Low Usage;0,68
Estonia;2018;Mobile Data and Voice High Usage;1,15
Estonia;2019;Fixed broadband 5GB;1,08
Estonia;2019;Mobile broadband data only 1.5 GB;0,81
Estonia;2019;Mobile Cellular Low Usage;0,34
Estonia;2019;Mobile Data and Voice Low Usage;0,34
Estonia;2019;Mobile Data and Voice High Usage;0,81
Estonia;2020;Fixed broadband 5GB;0,93
Estonia;2020;Mobile broadband data only 1.5 GB;0,38
Estonia;2020;Mobile Cellular Low Usage;0,29
Estonia;2020;Mobile Data and Voice Low Usage;0,58
Estonia;2020;Mobile Data and Voice High Usage;0,67
Estonia;2018;Fixed broadband 5GB;26,48
Estonia;2018;Mobile broadband data only 1.5 GB;16,55
Estonia;2018;Mobile Cellular Low Usage;8,28
Estonia;2018;Mobile Data and Voice Low Usage;16,55
Estonia;2018;Mobile Data and Voice High Usage;28,14
Estonia;2019;Fixed broadband 5GB;26,48
Estonia;2019;Mobile broadband data only 1.5 GB;19,86
Estonia;2019;Mobile Cellular Low Usage;8,28
Estonia;2019;Mobile Data and Voice Low Usage;8,28
Estonia;2019;Mobile Data and Voice High Usage;19,86
Estonia;2020;Fixed broadband 5GB;25,79
Estonia;2020;Mobile broadband data only 1.5 GB;10,46
Estonia;2020;Mobile Cellular Low Usage;8,06
Estonia;2020;Mobile Data and Voice Low Usage;16,12
Estonia;2020;Mobile Data and Voice High Usage;18,52
Estonia;2018;Fixed broadband 5GB;18,90
Estonia;2018;Mobile broadband data only 1.5 GB;11,81
Estonia;2018;Mobile Cellular Low Usage;5,90
Estonia;2018;Mobile Data and Voice Low Usage;11,81
Estonia;2018;Mobile Data and Voice High Usage;20,08
Estonia;2019;Fixed broadband 5GB;18,90
Estonia;2019;Mobile broadband data only 1.5 GB;14,17
Estonia;2019;Mobile Cellular Low Usage;5,90
Estonia;2019;Mobile Data and Voice Low Usage;5,90
Estonia;2019;Mobile Data and Voice High Usage;14,17
Estonia;2020;Fixed broadband 5GB;18,15
Estonia;2020;Mobile broadband data only 1.5 GB;7,36
Estonia;2020;Mobile Cellular Low Usage;5,67
Estonia;2020;Mobile Data and Voice Low Usage;11,34
Estonia;2020;Mobile Data and Voice High Usage;13,03
Finland;2018;Fixed broadband 5GB;0,97
Finland;2018;Mobile broadband data only 1.5 GB;0,88
Finland;2018;Mobile Cellular Low Usage;0,42
Finland;2018;Mobile Data and Voice Low Usage;0,57
Finland;2018;Mobile Data and Voice High Usage;0,74
Finland;2019;Fixed broadband 5GB;0,97
Finland;2019;Mobile broadband data only 1.5 GB;0,88
Finland;2019;Mobile Cellular Low Usage;0,42
Finland;2019;Mobile Data and Voice Low Usage;0,42
Finland;2019;Mobile Data and Voice High Usage;0,66
Finland;2020;Fixed broadband 5GB;0,91
Finland;2020;Mobile broadband data only 1.5 GB;0,77
Finland;2020;Mobile Cellular Low Usage;0,39
Finland;2020;Mobile Data and Voice Low Usage;0,53
Finland;2020;Mobile Data and Voice High Usage;0,74
Finland;2018;Fixed broadband 5GB;34,74
Finland;2018;Mobile broadband data only 1.5 GB;31,47
Finland;2018;Mobile Cellular Low Usage;14,90
Finland;2018;Mobile Data and Voice Low Usage;20,18
Finland;2018;Mobile Data and Voice High Usage;26,30
Finland;2019;Fixed broadband 5GB;34,74
Finland;2019;Mobile broadband data only 1.5 GB;31,47
Finland;2019;Mobile Cellular Low Usage;14,90
Finland;2019;Mobile Data and Voice Low Usage;14,90
Finland;2019;Mobile Data and Voice High Usage;23,65
Finland;2020;Fixed broadband 5GB;35,64
Finland;2020;Mobile broadband data only 1.5 GB;30,22
Finland;2020;Mobile Cellular Low Usage;15,28
Finland;2020;Mobile Data and Voice Low Usage;20,70
Finland;2020;Mobile Data and Voice High Usage;29,14
Finland;2018;Fixed broadband 5GB;38,85
Finland;2018;Mobile broadband data only 1.5 GB;35,19
Finland;2018;Mobile Cellular Low Usage;16,66
Finland;2018;Mobile Data and Voice Low Usage;22,57
Finland;2018;Mobile Data and Voice High Usage;29,41
Finland;2019;Fixed broadband 5GB;38,85
Finland;2019;Mobile broadband data only 1.5 GB;35,19
Finland;2019;Mobile Cellular Low Usage;16,66
Finland;2019;Mobile Data and Voice Low Usage;16,66
Finland;2019;Mobile Data and Voice High Usage;26,44
Finland;2020;Fixed broadband 5GB;37,31
Finland;2020;Mobile broadband data only 1.5 GB;31,64
Finland;2020;Mobile Cellular Low Usage;16,00
Finland;2020;Mobile Data and Voice Low Usage;21,67
Finland;2020;Mobile Data and Voice High Usage;30,51
France;2018;Fixed broadband 5GB;1,28
France;2018;Mobile broadband data only 1.5 GB;0,34
France;2018;Mobile Cellular Low Usage;0,28
France;2018;Mobile Data and Voice Low Usage;0,59
France;2018;Mobile Data and Voice High Usage;0,93
France;2019;Fixed broadband 5GB;0,79
France;2019;Mobile broadband data only 1.5 GB;0,34
France;2019;Mobile Cellular Low Usage;0,28
France;2019;Mobile Data and Voice Low Usage;0,59
France;2019;Mobile Data and Voice High Usage;0,93
France;2020;Fixed broadband 5GB;1,20
France;2020;Mobile broadband data only 1.5 GB;0,49
France;2020;Mobile Cellular Low Usage;0,26
France;2020;Mobile Data and Voice Low Usage;0,55
France;2020;Mobile Data and Voice High Usage;0,88
France;2018;Fixed broadband 5GB;43,69
France;2018;Mobile broadband data only 1.5 GB;11,80
France;2018;Mobile Cellular Low Usage;9,44
France;2018;Mobile Data and Voice Low Usage;20,07
France;2018;Mobile Data and Voice High Usage;31,88
France;2019;Fixed broadband 5GB;27,15
France;2019;Mobile broadband data only 1.5 GB;11,80
France;2019;Mobile Cellular Low Usage;9,44
France;2019;Mobile Data and Voice Low Usage;20,07
France;2019;Mobile Data and Voice High Usage;31,88
France;2020;Fixed broadband 5GB;44,48
France;2020;Mobile broadband data only 1.5 GB;18,02
France;2020;Mobile Cellular Low Usage;9,61
France;2020;Mobile Data and Voice Low Usage;20,43
France;2020;Mobile Data and Voice High Usage;32,45
France;2018;Fixed broadband 5GB;43,68
France;2018;Mobile broadband data only 1.5 GB;11,80
France;2018;Mobile Cellular Low Usage;9,44
France;2018;Mobile Data and Voice Low Usage;20,06
France;2018;Mobile Data and Voice High Usage;31,87
France;2019;Fixed broadband 5GB;27,15
France;2019;Mobile broadband data only 1.5 GB;11,80
France;2019;Mobile Cellular Low Usage;9,44
France;2019;Mobile Data and Voice Low Usage;20,06
France;2019;Mobile Data and Voice High Usage;31,87
France;2020;Fixed broadband 5GB;41,95
France;2020;Mobile broadband data only 1.5 GB;17,00
France;2020;Mobile Cellular Low Usage;9,06
France;2020;Mobile Data and Voice Low Usage;19,27
France;2020;Mobile Data and Voice High Usage;30,61
Germany;2018;Fixed broadband 5GB;1,04
Germany;2018;Mobile broadband data only 1.5 GB;0,45
Germany;2018;Mobile Cellular Low Usage;1,05
Germany;2018;Mobile Data and Voice Low Usage;0,56
Germany;2018;Mobile Data and Voice High Usage;0,87
Germany;2019;Fixed broadband 5GB;1,04
Germany;2019;Mobile broadband data only 1.5 GB;0,37
Germany;2019;Mobile Cellular Low Usage;1,05
Germany;2019;Mobile Data and Voice Low Usage;0,56
Germany;2019;Mobile Data and Voice High Usage;0,87
Germany;2020;Fixed broadband 5GB;0,99
Germany;2020;Mobile broadband data only 1.5 GB;0,42
Germany;2020;Mobile Cellular Low Usage;0,85
Germany;2020;Mobile Data and Voice Low Usage;0,85
Germany;2020;Mobile Data and Voice High Usage;0,85
Germany;2018;Fixed broadband 5GB;43,43
Germany;2018;Mobile broadband data only 1.5 GB;18,63
Germany;2018;Mobile Cellular Low Usage;43,48
Germany;2018;Mobile Data and Voice Low Usage;23,35
Germany;2018;Mobile Data and Voice High Usage;36,39
Germany;2019;Fixed broadband 5GB;43,43
Germany;2019;Mobile broadband data only 1.5 GB;15,52
Germany;2019;Mobile Cellular Low Usage;43,48
Germany;2019;Mobile Data and Voice Low Usage;23,35
Germany;2019;Mobile Data and Voice High Usage;36,39
Germany;2020;Fixed broadband 5GB;44,91
Germany;2020;Mobile broadband data only 1.5 GB;19,27
Germany;2020;Mobile Cellular Low Usage;38,55
Germany;2020;Mobile Data and Voice Low Usage;38,55
Germany;2020;Mobile Data and Voice High Usage;38,55
Germany;2018;Fixed broadband 5GB;41,27
Germany;2018;Mobile broadband data only 1.5 GB;17,70
Germany;2018;Mobile Cellular Low Usage;41,32
Germany;2018;Mobile Data and Voice Low Usage;22,19
Germany;2018;Mobile Data and Voice High Usage;34,59
Germany;2019;Fixed broadband 5GB;41,27
Germany;2019;Mobile broadband data only 1.5 GB;14,75
Germany;2019;Mobile Cellular Low Usage;41,32
Germany;2019;Mobile Data and Voice Low Usage;22,19
Germany;2019;Mobile Data and Voice High Usage;34,59
Germany;2020;Fixed broadband 5GB;39,63
Germany;2020;Mobile broadband data only 1.5 GB;17,00
Germany;2020;Mobile Cellular Low Usage;34,01
Germany;2020;Mobile Data and Voice Low Usage;34,01
Germany;2020;Mobile Data and Voice High Usage;34,01
Greece;2018;Fixed broadband 5GB;1,35
Greece;2018;Mobile broadband data only 1.5 GB;1,10
Greece;2018;Mobile Cellular Low Usage;0,62
Greece;2018;Mobile Data and Voice Low Usage;0,91
Greece;2018;Mobile Data and Voice High Usage;1,82
Greece;2019;Fixed broadband 5GB;1,35
Greece;2019;Mobile broadband data only 1.5 GB;0,92
Greece;2019;Mobile Cellular Low Usage;0,62
Greece;2019;Mobile Data and Voice Low Usage;0,73
Greece;2019;Mobile Data and Voice High Usage;1,53
Greece;2020;Fixed broadband 5GB;1,45
Greece;2020;Mobile broadband data only 1.5 GB;0,47
Greece;2020;Mobile Cellular Low Usage;0,58
Greece;2020;Mobile Data and Voice Low Usage;0,82
Greece;2020;Mobile Data and Voice High Usage;1,06
Greece;2018;Fixed broadband 5GB;28,13
Greece;2018;Mobile broadband data only 1.5 GB;22,98
Greece;2018;Mobile Cellular Low Usage;12,86
Greece;2018;Mobile Data and Voice Low Usage;18,91
Greece;2018;Mobile Data and Voice High Usage;37,87
Greece;2019;Fixed broadband 5GB;28,13
Greece;2019;Mobile broadband data only 1.5 GB;19,29
Greece;2019;Mobile Cellular Low Usage;12,86
Greece;2019;Mobile Data and Voice Low Usage;15,13
Greece;2019;Mobile Data and Voice High Usage;31,82
Greece;2020;Fixed broadband 5GB;33,39
Greece;2020;Mobile broadband data only 1.5 GB;10,94
Greece;2020;Mobile Cellular Low Usage;13,47
Greece;2020;Mobile Data and Voice Low Usage;19,02
Greece;2020;Mobile Data and Voice High Usage;24,41
Greece;2018;Fixed broadband 5GB;21,95
Greece;2018;Mobile broadband data only 1.5 GB;17,94
Greece;2018;Mobile Cellular Low Usage;10,04
Greece;2018;Mobile Data and Voice Low Usage;14,76
Greece;2018;Mobile Data and Voice High Usage;29,56
Greece;2019;Fixed broadband 5GB;21,95
Greece;2019;Mobile broadband data only 1.5 GB;15,06
Greece;2019;Mobile Cellular Low Usage;10,04
Greece;2019;Mobile Data and Voice Low Usage;11,81
Greece;2019;Mobile Data and Voice High Usage;24,84
Greece;2020;Fixed broadband 5GB;23,89
Greece;2020;Mobile broadband data only 1.5 GB;7,83
Greece;2020;Mobile Cellular Low Usage;9,64
Greece;2020;Mobile Data and Voice Low Usage;13,61
Greece;2020;Mobile Data and Voice High Usage;17,47
Hungary;2018;Fixed broadband 5GB;1,70
Hungary;2018;Mobile broadband data only 1.5 GB;1,03
Hungary;2018;Mobile Cellular Low Usage;1,05
Hungary;2018;Mobile Data and Voice Low Usage;1,05
Hungary;2018;Mobile Data and Voice High Usage;3,31
Hungary;2019;Fixed broadband 5GB;1,70
Hungary;2019;Mobile broadband data only 1.5 GB;1,21
Hungary;2019;Mobile Cellular Low Usage;1,03
Hungary;2019;Mobile Data and Voice Low Usage;1,05
Hungary;2019;Mobile Data and Voice High Usage;3,31
Hungary;2020;Fixed broadband 5GB;1,48
Hungary;2020;Mobile broadband data only 1.5 GB;0,34
Hungary;2020;Mobile Cellular Low Usage;1,01
Hungary;2020;Mobile Data and Voice Low Usage;1,01
Hungary;2020;Mobile Data and Voice High Usage;1,01
Hungary;2018;Fixed broadband 5GB;37,15
Hungary;2018;Mobile broadband data only 1.5 GB;22,49
Hungary;2018;Mobile Cellular Low Usage;22,82
Hungary;2018;Mobile Data and Voice Low Usage;22,82
Hungary;2018;Mobile Data and Voice High Usage;72,25
Hungary;2019;Fixed broadband 5GB;37,15
Hungary;2019;Mobile broadband data only 1.5 GB;26,47
Hungary;2019;Mobile Cellular Low Usage;22,49
Hungary;2019;Mobile Data and Voice Low Usage;22,82
Hungary;2019;Mobile Data and Voice High Usage;72,25
Hungary;2020;Fixed broadband 5GB;36,80
Hungary;2020;Mobile broadband data only 1.5 GB;8,33
Hungary;2020;Mobile Cellular Low Usage;25,12
Hungary;2020;Mobile Data and Voice Low Usage;25,12
Hungary;2020;Mobile Data and Voice High Usage;25,12
Hungary;2018;Fixed broadband 5GB;20,72
Hungary;2018;Mobile broadband data only 1.5 GB;12,55
Hungary;2018;Mobile Cellular Low Usage;12,73
Hungary;2018;Mobile Data and Voice Low Usage;12,73
Hungary;2018;Mobile Data and Voice High Usage;40,30
Hungary;2019;Fixed broadband 5GB;20,72
Hungary;2019;Mobile broadband data only 1.5 GB;14,77
Hungary;2019;Mobile Cellular Low Usage;12,55
Hungary;2019;Mobile Data and Voice Low Usage;12,73
Hungary;2019;Mobile Data and Voice High Usage;40,30
Hungary;2020;Fixed broadband 5GB;18,33
Hungary;2020;Mobile broadband data only 1.5 GB;4,15
Hungary;2020;Mobile Cellular Low Usage;12,51
Hungary;2020;Mobile Data and Voice Low Usage;12,51
Hungary;2020;Mobile Data and Voice High Usage;12,51
Iceland;2018;Fixed broadband 5GB;0,84
Iceland;2018;Mobile broadband data only 1.5 GB;0,55
Iceland;2018;Mobile Cellular Low Usage;0,36
Iceland;2018;Mobile Data and Voice Low Usage;0,36
Iceland;2018;Mobile Data and Voice High Usage;0,55
Iceland;2019;Fixed broadband 5GB;1,64
Iceland;2019;Mobile broadband data only 1.5 GB;0,55
Iceland;2019;Mobile Cellular Low Usage;0,36
Iceland;2019;Mobile Data and Voice Low Usage;0,36
Iceland;2019;Mobile Data and Voice High Usage;0,55
Iceland;2020;Fixed broadband 5GB;1,22
Iceland;2020;Mobile broadband data only 1.5 GB;0,37
Iceland;2020;Mobile Cellular Low Usage;0,26
Iceland;2020;Mobile Data and Voice Low Usage;0,37
Iceland;2020;Mobile Data and Voice High Usage;0,37
Iceland;2018;Fixed broadband 5GB;29,70
Iceland;2018;Mobile broadband data only 1.5 GB;19,31
Iceland;2018;Mobile Cellular Low Usage;12,85
Iceland;2018;Mobile Data and Voice Low Usage;12,85
Iceland;2018;Mobile Data and Voice High Usage;19,31
Iceland;2019;Fixed broadband 5GB;58,11
Iceland;2019;Mobile broadband data only 1.5 GB;19,31
Iceland;2019;Mobile Cellular Low Usage;12,85
Iceland;2019;Mobile Data and Voice Low Usage;12,85
Iceland;2019;Mobile Data and Voice High Usage;19,31
Iceland;2020;Fixed broadband 5GB;54,99
Iceland;2020;Mobile broadband data only 1.5 GB;16,84
Iceland;2020;Mobile Cellular Low Usage;11,66
Iceland;2020;Mobile Data and Voice Low Usage;16,84
Iceland;2020;Mobile Data and Voice High Usage;16,84
Iceland;2018;Fixed broadband 5GB;42,47
Iceland;2018;Mobile broadband data only 1.5 GB;27,61
Iceland;2018;Mobile Cellular Low Usage;18,37
Iceland;2018;Mobile Data and Voice Low Usage;18,37
Iceland;2018;Mobile Data and Voice High Usage;27,61
Iceland;2019;Fixed broadband 5GB;83,10
Iceland;2019;Mobile broadband data only 1.5 GB;27,61
Iceland;2019;Mobile Cellular Low Usage;18,37
Iceland;2019;Mobile Data and Voice Low Usage;18,37
Iceland;2019;Mobile Data and Voice High Usage;27,61
Iceland;2020;Fixed broadband 5GB;60,87
Iceland;2020;Mobile broadband data only 1.5 GB;18,64
Iceland;2020;Mobile Cellular Low Usage;12,91
Iceland;2020;Mobile Data and Voice Low Usage;18,64
Iceland;2020;Mobile Data and Voice High Usage;18,64
Ireland;2018;Fixed broadband 5GB;1,27
Ireland;2018;Mobile broadband data only 1.5 GB;0,53
Ireland;2018;Mobile Cellular Low Usage;0,72
Ireland;2018;Mobile Data and Voice Low Usage;0,72
Ireland;2018;Mobile Data and Voice High Usage;0,72
Ireland;2019;Fixed broadband 5GB;1,27
Ireland;2019;Mobile broadband data only 1.5 GB;0,84
Ireland;2019;Mobile Cellular Low Usage;0,84
Ireland;2019;Mobile Data and Voice Low Usage;0,84
Ireland;2019;Mobile Data and Voice High Usage;0,84
Ireland;2020;Fixed broadband 5GB;1,46
Ireland;2020;Mobile broadband data only 1.5 GB;0,78
Ireland;2020;Mobile Cellular Low Usage;0,78
Ireland;2020;Mobile Data and Voice Low Usage;0,78
Ireland;2020;Mobile Data and Voice High Usage;0,78
Ireland;2018;Fixed broadband 5GB;53,87
Ireland;2018;Mobile broadband data only 1.5 GB;22,36
Ireland;2018;Mobile Cellular Low Usage;30,50
Ireland;2018;Mobile Data and Voice Low Usage;30,50
Ireland;2018;Mobile Data and Voice High Usage;30,50
Ireland;2019;Fixed broadband 5GB;53,87
Ireland;2019;Mobile broadband data only 1.5 GB;35,58
Ireland;2019;Mobile Cellular Low Usage;35,58
Ireland;2019;Mobile Data and Voice Low Usage;35,58
Ireland;2019;Mobile Data and Voice High Usage;35,58
Ireland;2020;Fixed broadband 5GB;67,75
Ireland;2020;Mobile broadband data only 1.5 GB;35,93
Ireland;2020;Mobile Cellular Low Usage;35,93
Ireland;2020;Mobile Data and Voice Low Usage;35,93
Ireland;2020;Mobile Data and Voice High Usage;35,93
Ireland;2018;Fixed broadband 5GB;62,58
Ireland;2018;Mobile broadband data only 1.5 GB;25,98
Ireland;2018;Mobile Cellular Low Usage;35,43
Ireland;2018;Mobile Data and Voice Low Usage;35,43
Ireland;2018;Mobile Data and Voice High Usage;35,43
Ireland;2019;Fixed broadband 5GB;62,58
Ireland;2019;Mobile broadband data only 1.5 GB;41,33
Ireland;2019;Mobile Cellular Low Usage;41,33
Ireland;2019;Mobile Data and Voice Low Usage;41,33
Ireland;2019;Mobile Data and Voice High Usage;41,33
Ireland;2020;Fixed broadband 5GB;74,84
Ireland;2020;Mobile broadband data only 1.5 GB;39,70
Ireland;2020;Mobile Cellular Low Usage;39,70
Ireland;2020;Mobile Data and Voice Low Usage;39,70
Ireland;2020;Mobile Data and Voice High Usage;39,70
Italy;2018;Fixed broadband 5GB;1,05
Italy;2018;Mobile broadband data only 1.5 GB;0,25
Italy;2018;Mobile Cellular Low Usage;0,58
Italy;2018;Mobile Data and Voice Low Usage;0,63
Italy;2018;Mobile Data and Voice High Usage;0,63
Italy;2019;Fixed broadband 5GB;1,48
Italy;2019;Mobile broadband data only 1.5 GB;0,25
Italy;2019;Mobile Cellular Low Usage;0,84
Italy;2019;Mobile Data and Voice Low Usage;0,76
Italy;2019;Mobile Data and Voice High Usage;0,76
Italy;2020;Fixed broadband 5GB;1,40
Italy;2020;Mobile broadband data only 1.5 GB;0,40
Italy;2020;Mobile Cellular Low Usage;0,80
Italy;2020;Mobile Data and Voice Low Usage;0,80
Italy;2020;Mobile Data and Voice High Usage;0,80
Italy;2018;Fixed broadband 5GB;31,90
Italy;2018;Mobile broadband data only 1.5 GB;7,69
Italy;2018;Mobile Cellular Low Usage;17,68
Italy;2018;Mobile Data and Voice Low Usage;19,22
Italy;2018;Mobile Data and Voice High Usage;19,22
Italy;2019;Fixed broadband 5GB;44,85
Italy;2019;Mobile broadband data only 1.5 GB;7,67
Italy;2019;Mobile Cellular Low Usage;25,50
Italy;2019;Mobile Data and Voice Low Usage;23,06
Italy;2019;Mobile Data and Voice High Usage;23,06
Italy;2020;Fixed broadband 5GB;46,62
Italy;2020;Mobile broadband data only 1.5 GB;13,34
Italy;2020;Mobile Cellular Low Usage;26,70
Italy;2020;Mobile Data and Voice Low Usage;26,70
Italy;2020;Mobile Data and Voice High Usage;26,70
Italy;2018;Fixed broadband 5GB;29,41
Italy;2018;Mobile broadband data only 1.5 GB;7,09
Italy;2018;Mobile Cellular Low Usage;16,30
Italy;2018;Mobile Data and Voice Low Usage;17,71
Italy;2018;Mobile Data and Voice High Usage;17,71
Italy;2019;Fixed broadband 5GB;41,33
Italy;2019;Mobile broadband data only 1.5 GB;7,07
Italy;2019;Mobile Cellular Low Usage;23,50
Italy;2019;Mobile Data and Voice Low Usage;21,26
Italy;2019;Mobile Data and Voice High Usage;21,26
Italy;2020;Fixed broadband 5GB;39,58
Italy;2020;Mobile broadband data only 1.5 GB;11,33
Italy;2020;Mobile Cellular Low Usage;22,67
Italy;2020;Mobile Data and Voice Low Usage;22,67
Italy;2020;Mobile Data and Voice High Usage;22,67
Latvia;2018;Fixed broadband 5GB;1,47
Latvia;2018;Mobile broadband data only 1.5 GB;0,50
Latvia;2018;Mobile Cellular Low Usage;0,71
Latvia;2018;Mobile Data and Voice Low Usage;0,71
Latvia;2018;Mobile Data and Voice High Usage;1,01
Latvia;2019;Fixed broadband 5GB;1,64
Latvia;2019;Mobile broadband data only 1.5 GB;0,50
Latvia;2019;Mobile Cellular Low Usage;0,71
Latvia;2019;Mobile Data and Voice Low Usage;0,71
Latvia;2019;Mobile Data and Voice High Usage;1,01
Latvia;2020;Fixed broadband 5GB;1,49
Latvia;2020;Mobile broadband data only 1.5 GB;0,84
Latvia;2020;Mobile Cellular Low Usage;0,50
Latvia;2020;Mobile Data and Voice Low Usage;0,65
Latvia;2020;Mobile Data and Voice High Usage;0,84
Latvia;2018;Fixed broadband 5GB;31,08
Latvia;2018;Mobile broadband data only 1.5 GB;10,64
Latvia;2018;Mobile Cellular Low Usage;15,08
Latvia;2018;Mobile Data and Voice Low Usage;15,08
Latvia;2018;Mobile Data and Voice High Usage;21,30
Latvia;2019;Fixed broadband 5GB;34,64
Latvia;2019;Mobile broadband data only 1.5 GB;10,64
Latvia;2019;Mobile Cellular Low Usage;15,08
Latvia;2019;Mobile Data and Voice Low Usage;15,08
Latvia;2019;Mobile Data and Voice High Usage;21,30
Latvia;2020;Fixed broadband 5GB;34,06
Latvia;2020;Mobile broadband data only 1.5 GB;19,19
Latvia;2020;Mobile Cellular Low Usage;11,33
Latvia;2020;Mobile Data and Voice Low Usage;14,83
Latvia;2020;Mobile Data and Voice High Usage;19,19
Latvia;2018;Fixed broadband 5GB;20,67
Latvia;2018;Mobile broadband data only 1.5 GB;7,07
Latvia;2018;Mobile Cellular Low Usage;10,03
Latvia;2018;Mobile Data and Voice Low Usage;10,03
Latvia;2018;Mobile Data and Voice High Usage;14,16
Latvia;2019;Fixed broadband 5GB;23,03
Latvia;2019;Mobile broadband data only 1.5 GB;7,07
Latvia;2019;Mobile Cellular Low Usage;10,03
Latvia;2019;Mobile Data and Voice Low Usage;10,03
Latvia;2019;Mobile Data and Voice High Usage;14,16
Latvia;2020;Fixed broadband 5GB;22,12
Latvia;2020;Mobile broadband data only 1.5 GB;12,46
Latvia;2020;Mobile Cellular Low Usage;7,36
Latvia;2020;Mobile Data and Voice Low Usage;9,63
Latvia;2020;Mobile Data and Voice High Usage;12,46
Lithuania;2018;Fixed broadband 5GB;0,94
Lithuania;2018;Mobile broadband data only 1.5 GB;0,65
Lithuania;2018;Mobile Cellular Low Usage;0,32
Lithuania;2018;Mobile Data and Voice Low Usage;0,49
Lithuania;2018;Mobile Data and Voice High Usage;0,56
Lithuania;2019;Fixed broadband 5GB;0,94
Lithuania;2019;Mobile broadband data only 1.5 GB;0,81
Lithuania;2019;Mobile Cellular Low Usage;0,64
Lithuania;2019;Mobile Data and Voice Low Usage;0,89
Lithuania;2019;Mobile Data and Voice High Usage;0,89
Lithuania;2020;Fixed broadband 5GB;0,92
Lithuania;2020;Mobile broadband data only 1.5 GB;0,71
Lithuania;2020;Mobile Cellular Low Usage;0,71
Lithuania;2020;Mobile Data and Voice Low Usage;0,71
Lithuania;2020;Mobile Data and Voice High Usage;0,99
Lithuania;2018;Fixed broadband 5GB;23,15
Lithuania;2018;Mobile broadband data only 1.5 GB;16,02
Lithuania;2018;Mobile Cellular Low Usage;7,81
Lithuania;2018;Mobile Data and Voice Low Usage;12,08
Lithuania;2018;Mobile Data and Voice High Usage;13,82
Lithuania;2019;Fixed broadband 5GB;23,15
Lithuania;2019;Mobile broadband data only 1.5 GB;19,83
Lithuania;2019;Mobile Cellular Low Usage;15,82
Lithuania;2019;Mobile Data and Voice Low Usage;21,83
Lithuania;2019;Mobile Data and Voice High Usage;21,83
Lithuania;2020;Fixed broadband 5GB;25,46
Lithuania;2020;Mobile broadband data only 1.5 GB;19,54
Lithuania;2020;Mobile Cellular Low Usage;19,54
Lithuania;2020;Mobile Data and Voice Low Usage;19,54
Lithuania;2020;Mobile Data and Voice High Usage;27,43
Lithuania;2018;Fixed broadband 5GB;13,65
Lithuania;2018;Mobile broadband data only 1.5 GB;9,45
Lithuania;2018;Mobile Cellular Low Usage;4,61
Lithuania;2018;Mobile Data and Voice Low Usage;7,12
Lithuania;2018;Mobile Data and Voice High Usage;8,15
Lithuania;2019;Fixed broadband 5GB;13,65
Lithuania;2019;Mobile broadband data only 1.5 GB;11,69
Lithuania;2019;Mobile Cellular Low Usage;9,33
Lithuania;2019;Mobile Data and Voice Low Usage;12,87
Lithuania;2019;Mobile Data and Voice High Usage;12,87
Lithuania;2020;Fixed broadband 5GB;14,63
Lithuania;2020;Mobile broadband data only 1.5 GB;11,23
Lithuania;2020;Mobile Cellular Low Usage;11,23
Lithuania;2020;Mobile Data and Voice Low Usage;11,23
Lithuania;2020;Mobile Data and Voice High Usage;15,76
Luxembourg;2018;Fixed broadband 5GB;0,75
Luxembourg;2018;Mobile broadband data only 1.5 GB;0,18
Luxembourg;2018;Mobile Cellular Low Usage;0,09
Luxembourg;2018;Mobile Data and Voice Low Usage;0,18
Luxembourg;2018;Mobile Data and Voice High Usage;0,33
Luxembourg;2019;Fixed broadband 5GB;0,75
Luxembourg;2019;Mobile broadband data only 1.5 GB;0,18
Luxembourg;2019;Mobile Cellular Low Usage;0,09
Luxembourg;2019;Mobile Data and Voice Low Usage;0,09
Luxembourg;2019;Mobile Data and Voice High Usage;0,33
Luxembourg;2020;Fixed broadband 5GB;0,75
Luxembourg;2020;Mobile broadband data only 1.5 GB;0,18
Luxembourg;2020;Mobile Cellular Low Usage;0,09
Luxembourg;2020;Mobile Data and Voice Low Usage;0,09
Luxembourg;2020;Mobile Data and Voice High Usage;0,18
Luxembourg;2018;Fixed broadband 5GB;42,11
Luxembourg;2018;Mobile broadband data only 1.5 GB;10,27
Luxembourg;2018;Mobile Cellular Low Usage;5,13
Luxembourg;2018;Mobile Data and Voice Low Usage;10,26
Luxembourg;2018;Mobile Data and Voice High Usage;18,48
Luxembourg;2019;Fixed broadband 5GB;42,11
Luxembourg;2019;Mobile broadband data only 1.5 GB;10,27
Luxembourg;2019;Mobile Cellular Low Usage;5,13
Luxembourg;2019;Mobile Data and Voice Low Usage;5,13
Luxembourg;2019;Mobile Data and Voice High Usage;18,48
Luxembourg;2020;Fixed broadband 5GB;42,92
Luxembourg;2020;Mobile broadband data only 1.5 GB;10,46
Luxembourg;2020;Mobile Cellular Low Usage;5,22
Luxembourg;2020;Mobile Data and Voice Low Usage;5,22
Luxembourg;2020;Mobile Data and Voice High Usage;10,46
Luxembourg;2018;Fixed broadband 5GB;48,42
Luxembourg;2018;Mobile broadband data only 1.5 GB;11,81
Luxembourg;2018;Mobile Cellular Low Usage;5,89
Luxembourg;2018;Mobile Data and Voice Low Usage;11,80
Luxembourg;2018;Mobile Data and Voice High Usage;21,25
Luxembourg;2019;Fixed broadband 5GB;48,42
Luxembourg;2019;Mobile broadband data only 1.5 GB;11,81
Luxembourg;2019;Mobile Cellular Low Usage;5,89
Luxembourg;2019;Mobile Data and Voice Low Usage;5,89
Luxembourg;2019;Mobile Data and Voice High Usage;21,25
Luxembourg;2020;Fixed broadband 5GB;46,50
Luxembourg;2020;Mobile broadband data only 1.5 GB;11,33
Luxembourg;2020;Mobile Cellular Low Usage;5,66
Luxembourg;2020;Mobile Data and Voice Low Usage;5,66
Luxembourg;2020;Mobile Data and Voice High Usage;11,33
Netherlands;2018;Fixed broadband 5GB;1,15
Netherlands;2018;Mobile broadband data only 1.5 GB;0,83
Netherlands;2018;Mobile Cellular Low Usage;0,40
Netherlands;2018;Mobile Data and Voice Low Usage;0,58
Netherlands;2018;Mobile Data and Voice High Usage;0,75
Netherlands;2019;Fixed broadband 5GB;1,17
Netherlands;2019;Mobile broadband data only 1.5 GB;0,83
Netherlands;2019;Mobile Cellular Low Usage;0,44
Netherlands;2019;Mobile Data and Voice Low Usage;0,58
Netherlands;2019;Mobile Data and Voice High Usage;0,58
Netherlands;2020;Fixed broadband 5GB;1,35
Netherlands;2020;Mobile broadband data only 1.5 GB;0,64
Netherlands;2020;Mobile Cellular Low Usage;0,41
Netherlands;2020;Mobile Data and Voice Low Usage;0,54
Netherlands;2020;Mobile Data and Voice High Usage;0,51
Netherlands;2018;Fixed broadband 5GB;47,86
Netherlands;2018;Mobile broadband data only 1.5 GB;34,60
Netherlands;2018;Mobile Cellular Low Usage;16,72
Netherlands;2018;Mobile Data and Voice Low Usage;24,22
Netherlands;2018;Mobile Data and Voice High Usage;31,14
Netherlands;2019;Fixed broadband 5GB;49,02
Netherlands;2019;Mobile broadband data only 1.5 GB;34,60
Netherlands;2019;Mobile Cellular Low Usage;18,45
Netherlands;2019;Mobile Data and Voice Low Usage;24,22
Netherlands;2019;Mobile Data and Voice High Usage;24,22
Netherlands;2020;Fixed broadband 5GB;62,45
Netherlands;2020;Mobile broadband data only 1.5 GB;29,46
Netherlands;2020;Mobile Cellular Low Usage;18,85
Netherlands;2020;Mobile Data and Voice Low Usage;24,75
Netherlands;2020;Mobile Data and Voice High Usage;23,57
Netherlands;2018;Fixed broadband 5GB;49,01
Netherlands;2018;Mobile broadband data only 1.5 GB;35,43
Netherlands;2018;Mobile Cellular Low Usage;17,12
Netherlands;2018;Mobile Data and Voice Low Usage;24,80
Netherlands;2018;Mobile Data and Voice High Usage;31,89
Netherlands;2019;Fixed broadband 5GB;50,19
Netherlands;2019;Mobile broadband data only 1.5 GB;35,43
Netherlands;2019;Mobile Cellular Low Usage;18,90
Netherlands;2019;Mobile Data and Voice Low Usage;24,80
Netherlands;2019;Mobile Data and Voice High Usage;24,80
Netherlands;2020;Fixed broadband 5GB;60,11
Netherlands;2020;Mobile broadband data only 1.5 GB;28,35
Netherlands;2020;Mobile Cellular Low Usage;18,15
Netherlands;2020;Mobile Data and Voice Low Usage;23,82
Netherlands;2020;Mobile Data and Voice High Usage;22,68
North Macedonia;2018;Fixed broadband 5GB;3,80
North Macedonia;2018;Mobile broadband data only 1.5 GB;1,60
North Macedonia;2018;Mobile Cellular Low Usage;1,53
North Macedonia;2018;Mobile Data and Voice Low Usage;2,40
North Macedonia;2018;Mobile Data and Voice High Usage;2,74
North Macedonia;2019;Fixed broadband 5GB;3,80
North Macedonia;2019;Mobile broadband data only 1.5 GB;1,90
North Macedonia;2019;Mobile Cellular Low Usage;2,40
North Macedonia;2019;Mobile Data and Voice Low Usage;2,40
North Macedonia;2019;Mobile Data and Voice High Usage;3,38
North Macedonia;2020;Fixed broadband 5GB;3,35
North Macedonia;2020;Mobile broadband data only 1.5 GB;1,68
North Macedonia;2020;Mobile Cellular Low Usage;2,24
North Macedonia;2020;Mobile Data and Voice Low Usage;2,24
North Macedonia;2020;Mobile Data and Voice High Usage;2,79
North Macedonia;2018;Fixed broadband 5GB;39,42
North Macedonia;2018;Mobile broadband data only 1.5 GB;16,62
North Macedonia;2018;Mobile Cellular Low Usage;15,89
North Macedonia;2018;Mobile Data and Voice Low Usage;24,86
North Macedonia;2018;Mobile Data and Voice High Usage;28,46
North Macedonia;2019;Fixed broadband 5GB;39,42
North Macedonia;2019;Mobile broadband data only 1.5 GB;19,69
North Macedonia;2019;Mobile Cellular Low Usage;24,86
North Macedonia;2019;Mobile Data and Voice Low Usage;24,86
North Macedonia;2019;Mobile Data and Voice High Usage;35,03
North Macedonia;2020;Fixed broadband 5GB;40,26
North Macedonia;2020;Mobile broadband data only 1.5 GB;20,11
North Macedonia;2020;Mobile Cellular Low Usage;26,82
North Macedonia;2020;Mobile Data and Voice Low Usage;26,82
North Macedonia;2020;Mobile Data and Voice High Usage;33,52
North Macedonia;2018;Fixed broadband 5GB;17,25
North Macedonia;2018;Mobile broadband data only 1.5 GB;7,27
North Macedonia;2018;Mobile Cellular Low Usage;6,96
North Macedonia;2018;Mobile Data and Voice Low Usage;10,88
North Macedonia;2018;Mobile Data and Voice High Usage;12,46
North Macedonia;2019;Fixed broadband 5GB;17,25
North Macedonia;2019;Mobile broadband data only 1.5 GB;8,62
North Macedonia;2019;Mobile Cellular Low Usage;10,88
North Macedonia;2019;Mobile Data and Voice Low Usage;10,88
North Macedonia;2019;Mobile Data and Voice High Usage;15,33
North Macedonia;2020;Fixed broadband 5GB;16,51
North Macedonia;2020;Mobile broadband data only 1.5 GB;8,24
North Macedonia;2020;Mobile Cellular Low Usage;11,00
North Macedonia;2020;Mobile Data and Voice Low Usage;11,00
North Macedonia;2020;Mobile Data and Voice High Usage;13,74
Norway;2018;Fixed broadband 5GB;0,66
Norway;2018;Mobile broadband data only 1.5 GB;0,36
Norway;2018;Mobile Cellular Low Usage;0,15
Norway;2018;Mobile Data and Voice Low Usage;0,45
Norway;2018;Mobile Data and Voice High Usage;0,55
Norway;2019;Fixed broadband 5GB;0,69
Norway;2019;Mobile broadband data only 1.5 GB;0,36
Norway;2019;Mobile Cellular Low Usage;0,15
Norway;2019;Mobile Data and Voice Low Usage;0,45
Norway;2019;Mobile Data and Voice High Usage;0,55
Norway;2020;Fixed broadband 5GB;0,81
Norway;2020;Mobile broadband data only 1.5 GB;0,52
Norway;2020;Mobile Cellular Low Usage;0,43
Norway;2020;Mobile Data and Voice Low Usage;0,43
Norway;2020;Mobile Data and Voice High Usage;0,52
Norway;2018;Fixed broadband 5GB;33,29
Norway;2018;Mobile broadband data only 1.5 GB;18,45
Norway;2018;Mobile Cellular Low Usage;7,71
Norway;2018;Mobile Data and Voice Low Usage;23,09
Norway;2018;Mobile Data and Voice High Usage;27,73
Norway;2019;Fixed broadband 5GB;35,15
Norway;2019;Mobile broadband data only 1.5 GB;18,45
Norway;2019;Mobile Cellular Low Usage;7,71
Norway;2019;Mobile Data and Voice Low Usage;23,09
Norway;2019;Mobile Data and Voice High Usage;27,73
Norway;2020;Fixed broadband 5GB;43,70
Norway;2020;Mobile broadband data only 1.5 GB;27,86
Norway;2020;Mobile Cellular Low Usage;23,20
Norway;2020;Mobile Data and Voice Low Usage;23,20
Norway;2020;Mobile Data and Voice High Usage;27,86
Norway;2018;Fixed broadband 5GB;44,14
Norway;2018;Mobile broadband data only 1.5 GB;24,47
Norway;2018;Mobile Cellular Low Usage;10,22
Norway;2018;Mobile Data and Voice Low Usage;30,62
Norway;2018;Mobile Data and Voice High Usage;36,77
Norway;2019;Fixed broadband 5GB;46,60
Norway;2019;Mobile broadband data only 1.5 GB;24,47
Norway;2019;Mobile Cellular Low Usage;10,22
Norway;2019;Mobile Data and Voice Low Usage;30,62
Norway;2019;Mobile Data and Voice High Usage;36,77
Norway;2020;Fixed broadband 5GB;48,98
Norway;2020;Mobile broadband data only 1.5 GB;31,23
Norway;2020;Mobile Cellular Low Usage;26,01
Norway;2020;Mobile Data and Voice Low Usage;26,01
Norway;2020;Mobile Data and Voice High Usage;31,23
Poland;2018;Fixed broadband 5GB;1,64
Poland;2018;Mobile broadband data only 1.5 GB;0,23
Poland;2018;Mobile Cellular Low Usage;0,79
Poland;2018;Mobile Data and Voice Low Usage;0,80
Poland;2018;Mobile Data and Voice High Usage;0,94
Poland;2019;Fixed broadband 5GB;1,64
Poland;2019;Mobile broadband data only 1.5 GB;0,23
Poland;2019;Mobile Cellular Low Usage;0,92
Poland;2019;Mobile Data and Voice Low Usage;0,92
Poland;2019;Mobile Data and Voice High Usage;1,06
Poland;2020;Fixed broadband 5GB;1,26
Poland;2020;Mobile broadband data only 1.5 GB;0,21
Poland;2020;Mobile Cellular Low Usage;0,73
Poland;2020;Mobile Data and Voice Low Usage;0,82
Poland;2020;Mobile Data and Voice High Usage;0,94
Poland;2018;Fixed broadband 5GB;37,52
Poland;2018;Mobile broadband data only 1.5 GB;5,36
Poland;2018;Mobile Cellular Low Usage;18,12
Poland;2018;Mobile Data and Voice Low Usage;18,22
Poland;2018;Mobile Data and Voice High Usage;21,44
Poland;2019;Fixed broadband 5GB;37,52
Poland;2019;Mobile broadband data only 1.5 GB;5,36
Poland;2019;Mobile Cellular Low Usage;20,91
Poland;2019;Mobile Data and Voice Low Usage;20,91
Poland;2019;Mobile Data and Voice High Usage;24,12
Poland;2020;Fixed broadband 5GB;31,91
Poland;2020;Mobile broadband data only 1.5 GB;5,31
Poland;2020;Mobile Cellular Low Usage;18,62
Poland;2020;Mobile Data and Voice Low Usage;20,75
Poland;2020;Mobile Data and Voice High Usage;23,94
Poland;2018;Fixed broadband 5GB;19,38
Poland;2018;Mobile broadband data only 1.5 GB;2,77
Poland;2018;Mobile Cellular Low Usage;9,36
Poland;2018;Mobile Data and Voice Low Usage;9,41
Poland;2018;Mobile Data and Voice High Usage;11,07
Poland;2019;Fixed broadband 5GB;19,38
Poland;2019;Mobile broadband data only 1.5 GB;2,77
Poland;2019;Mobile Cellular Low Usage;10,80
Poland;2019;Mobile Data and Voice Low Usage;10,80
Poland;2019;Mobile Data and Voice High Usage;12,46
Poland;2020;Fixed broadband 5GB;15,19
Poland;2020;Mobile broadband data only 1.5 GB;2,53
Poland;2020;Mobile Cellular Low Usage;8,86
Poland;2020;Mobile Data and Voice Low Usage;9,88
Poland;2020;Mobile Data and Voice High Usage;11,40
Portugal;2018;Fixed broadband 5GB;1,44
Portugal;2018;Mobile broadband data only 1.5 GB;1,08
Portugal;2018;Mobile Cellular Low Usage;0,59
Portugal;2018;Mobile Data and Voice Low Usage;0,59
Portugal;2018;Mobile Data and Voice High Usage;1,05
Portugal;2019;Fixed broadband 5GB;1,44
Portugal;2019;Mobile broadband data only 1.5 GB;0,97
Portugal;2019;Mobile Cellular Low Usage;0,59
Portugal;2019;Mobile Data and Voice Low Usage;0,59
Portugal;2019;Mobile Data and Voice High Usage;1,05
Portugal;2020;Fixed broadband 5GB;1,49
Portugal;2020;Mobile broadband data only 1.5 GB;0,89
Portugal;2020;Mobile Cellular Low Usage;0,53
Portugal;2020;Mobile Data and Voice Low Usage;0,53
Portugal;2020;Mobile Data and Voice High Usage;0,83
Portugal;2018;Fixed broadband 5GB;33,07
Portugal;2018;Mobile broadband data only 1.5 GB;24,81
Portugal;2018;Mobile Cellular Low Usage;13,53
Portugal;2018;Mobile Data and Voice Low Usage;13,53
Portugal;2018;Mobile Data and Voice High Usage;24,06
Portugal;2019;Fixed broadband 5GB;33,07
Portugal;2019;Mobile broadband data only 1.5 GB;22,39
Portugal;2019;Mobile Cellular Low Usage;13,53
Portugal;2019;Mobile Data and Voice Low Usage;13,53
Portugal;2019;Mobile Data and Voice High Usage;24,06
Portugal;2020;Fixed broadband 5GB;39,02
Portugal;2020;Mobile broadband data only 1.5 GB;23,40
Portugal;2020;Mobile Cellular Low Usage;13,91
Portugal;2020;Mobile Data and Voice Low Usage;14,02
Portugal;2020;Mobile Data and Voice High Usage;21,86
Portugal;2018;Fixed broadband 5GB;25,97
Portugal;2018;Mobile broadband data only 1.5 GB;19,49
Portugal;2018;Mobile Cellular Low Usage;10,63
Portugal;2018;Mobile Data and Voice Low Usage;10,63
Portugal;2018;Mobile Data and Voice High Usage;18,90
Portugal;2019;Fixed broadband 5GB;25,97
Portugal;2019;Mobile broadband data only 1.5 GB;17,58
Portugal;2019;Mobile Cellular Low Usage;10,63
Portugal;2019;Mobile Data and Voice Low Usage;10,63
Portugal;2019;Mobile Data and Voice High Usage;18,90
Portugal;2020;Fixed broadband 5GB;28,34
Portugal;2020;Mobile broadband data only 1.5 GB;17,00
Portugal;2020;Mobile Cellular Low Usage;10,11
Portugal;2020;Mobile Data and Voice Low Usage;10,18
Portugal;2020;Mobile Data and Voice High Usage;15,88
Romania;2018;Fixed broadband 5GB;0,81
Romania;2018;Mobile broadband data only 1.5 GB;1,01
Romania;2018;Mobile Cellular Low Usage;1,01
Romania;2018;Mobile Data and Voice Low Usage;1,01
Romania;2018;Mobile Data and Voice High Usage;1,01
Romania;2019;Fixed broadband 5GB;0,81
Romania;2019;Mobile broadband data only 1.5 GB;1,13
Romania;2019;Mobile Cellular Low Usage;1,13
Romania;2019;Mobile Data and Voice Low Usage;0,96
Romania;2019;Mobile Data and Voice High Usage;1,13
Romania;2020;Fixed broadband 5GB;0,67
Romania;2020;Mobile broadband data only 1.5 GB;0,86
Romania;2020;Mobile Cellular Low Usage;0,86
Romania;2020;Mobile Data and Voice Low Usage;0,97
Romania;2020;Mobile Data and Voice High Usage;0,97
Romania;2018;Fixed broadband 5GB;16,13
Romania;2018;Mobile broadband data only 1.5 GB;20,08
Romania;2018;Mobile Cellular Low Usage;20,08
Romania;2018;Mobile Data and Voice Low Usage;20,08
Romania;2018;Mobile Data and Voice High Usage;20,08
Romania;2019;Fixed broadband 5GB;16,13
Romania;2019;Mobile broadband data only 1.5 GB;22,53
Romania;2019;Mobile Cellular Low Usage;22,53
Romania;2019;Mobile Data and Voice Low Usage;19,08
Romania;2019;Mobile Data and Voice High Usage;22,53
Romania;2020;Fixed broadband 5GB;15,80
Romania;2020;Mobile broadband data only 1.5 GB;20,41
Romania;2020;Mobile Cellular Low Usage;20,41
Romania;2020;Mobile Data and Voice Low Usage;22,96
Romania;2020;Mobile Data and Voice High Usage;22,96
Romania;2018;Fixed broadband 5GB;7,61
Romania;2018;Mobile broadband data only 1.5 GB;9,47
Romania;2018;Mobile Cellular Low Usage;9,47
Romania;2018;Mobile Data and Voice Low Usage;9,47
Romania;2018;Mobile Data and Voice High Usage;9,47
Romania;2019;Fixed broadband 5GB;7,61
Romania;2019;Mobile broadband data only 1.5 GB;10,63
Romania;2019;Mobile Cellular Low Usage;10,63
Romania;2019;Mobile Data and Voice Low Usage;9,00
Romania;2019;Mobile Data and Voice High Usage;10,63
Romania;2020;Fixed broadband 5GB;7,03
Romania;2020;Mobile broadband data only 1.5 GB;9,07
Romania;2020;Mobile Cellular Low Usage;9,07
Romania;2020;Mobile Data and Voice Low Usage;10,21
Romania;2020;Mobile Data and Voice High Usage;10,21
Serbia;2018;Fixed broadband 5GB;2,90
Serbia;2018;Mobile broadband data only 1.5 GB;1,31
Serbia;2018;Mobile Cellular Low Usage;1,31
Serbia;2018;Mobile Data and Voice Low Usage;1,77
Serbia;2018;Mobile Data and Voice High Usage;3,09
Serbia;2019;Fixed broadband 5GB;2,90
Serbia;2019;Mobile broadband data only 1.5 GB;1,31
Serbia;2019;Mobile Cellular Low Usage;1,50
Serbia;2019;Mobile Data and Voice Low Usage;2,06
Serbia;2019;Mobile Data and Voice High Usage;3,37
Serbia;2020;Fixed broadband 5GB;2,77
Serbia;2020;Mobile broadband data only 1.5 GB;1,14
Serbia;2020;Mobile Cellular Low Usage;1,38
Serbia;2020;Mobile Data and Voice Low Usage;1,38
Serbia;2020;Mobile Data and Voice High Usage;1,71
Serbia;2018;Fixed broadband 5GB;31,78
Serbia;2018;Mobile broadband data only 1.5 GB;14,34
Serbia;2018;Mobile Cellular Low Usage;14,34
Serbia;2018;Mobile Data and Voice Low Usage;19,35
Serbia;2018;Mobile Data and Voice High Usage;33,79
Serbia;2019;Fixed broadband 5GB;31,78
Serbia;2019;Mobile broadband data only 1.5 GB;14,34
Serbia;2019;Mobile Cellular Low Usage;16,39
Serbia;2019;Mobile Data and Voice Low Usage;22,53
Serbia;2019;Mobile Data and Voice High Usage;36,89
Serbia;2020;Fixed broadband 5GB;34,94
Serbia;2020;Mobile broadband data only 1.5 GB;14,37
Serbia;2020;Mobile Cellular Low Usage;17,46
Serbia;2020;Mobile Data and Voice Low Usage;17,46
Serbia;2020;Mobile Data and Voice High Usage;21,57
Serbia;2018;Fixed broadband 5GB;15,46
Serbia;2018;Mobile broadband data only 1.5 GB;6,98
Serbia;2018;Mobile Cellular Low Usage;6,98
Serbia;2018;Mobile Data and Voice Low Usage;9,41
Serbia;2018;Mobile Data and Voice High Usage;16,44
Serbia;2019;Fixed broadband 5GB;15,46
Serbia;2019;Mobile broadband data only 1.5 GB;6,98
Serbia;2019;Mobile Cellular Low Usage;7,98
Serbia;2019;Mobile Data and Voice Low Usage;10,96
Serbia;2019;Mobile Data and Voice High Usage;17,95
Serbia;2020;Fixed broadband 5GB;16,38
Serbia;2020;Mobile broadband data only 1.5 GB;6,74
Serbia;2020;Mobile Cellular Low Usage;8,19
Serbia;2020;Mobile Data and Voice Low Usage;8,19
Serbia;2020;Mobile Data and Voice High Usage;10,12
Slovakia;2018;Fixed broadband 5GB;1,16
Slovakia;2018;Mobile broadband data only 1.5 GB;0,77
Slovakia;2018;Mobile Cellular Low Usage;0,74
Slovakia;2018;Mobile Data and Voice Low Usage;0,96
Slovakia;2018;Mobile Data and Voice High Usage;1,86
Slovakia;2019;Fixed broadband 5GB;0,84
Slovakia;2019;Mobile broadband data only 1.5 GB;0,77
Slovakia;2019;Mobile Cellular Low Usage;0,66
Slovakia;2019;Mobile Data and Voice Low Usage;0,96
Slovakia;2019;Mobile Data and Voice High Usage;1,86
Slovakia;2020;Fixed broadband 5GB;0,77
Slovakia;2020;Mobile broadband data only 1.5 GB;0,35
Slovakia;2020;Mobile Cellular Low Usage;0,68
Slovakia;2020;Mobile Data and Voice Low Usage;0,93
Slovakia;2020;Mobile Data and Voice High Usage;1,62
Slovakia;2018;Fixed broadband 5GB;27,79
Slovakia;2018;Mobile broadband data only 1.5 GB;18,51
Slovakia;2018;Mobile Cellular Low Usage;17,78
Slovakia;2018;Mobile Data and Voice Low Usage;23,06
Slovakia;2018;Mobile Data and Voice High Usage;44,46
Slovakia;2019;Fixed broadband 5GB;20,19
Slovakia;2019;Mobile broadband data only 1.5 GB;18,53
Slovakia;2019;Mobile Cellular Low Usage;15,89
Slovakia;2019;Mobile Data and Voice Low Usage;23,06
Slovakia;2019;Mobile Data and Voice High Usage;44,46
Slovakia;2020;Fixed broadband 5GB;18,43
Slovakia;2020;Mobile broadband data only 1.5 GB;8,46
Slovakia;2020;Mobile Cellular Low Usage;16,24
Slovakia;2020;Mobile Data and Voice Low Usage;22,32
Slovakia;2020;Mobile Data and Voice High Usage;38,90
Slovakia;2018;Fixed broadband 5GB;17,71
Slovakia;2018;Mobile broadband data only 1.5 GB;11,80
Slovakia;2018;Mobile Cellular Low Usage;11,34
Slovakia;2018;Mobile Data and Voice Low Usage;14,70
Slovakia;2018;Mobile Data and Voice High Usage;28,34
Slovakia;2019;Fixed broadband 5GB;12,87
Slovakia;2019;Mobile broadband data only 1.5 GB;11,81
Slovakia;2019;Mobile Cellular Low Usage;10,13
Slovakia;2019;Mobile Data and Voice Low Usage;14,70
Slovakia;2019;Mobile Data and Voice High Usage;28,34
Slovakia;2020;Fixed broadband 5GB;12,36
Slovakia;2020;Mobile broadband data only 1.5 GB;5,67
Slovakia;2020;Mobile Cellular Low Usage;10,89
Slovakia;2020;Mobile Data and Voice Low Usage;14,97
Slovakia;2020;Mobile Data and Voice High Usage;26,09
Slovenia;2018;Fixed broadband 5GB;1,90
Slovenia;2018;Mobile broadband data only 1.5 GB;0,75
Slovenia;2018;Mobile Cellular Low Usage;0,92
Slovenia;2018;Mobile Data and Voice Low Usage;0,92
Slovenia;2018;Mobile Data and Voice High Usage;1,44
Slovenia;2019;Fixed broadband 5GB;2,01
Slovenia;2019;Mobile broadband data only 1.5 GB;0,75
Slovenia;2019;Mobile Cellular Low Usage;0,86
Slovenia;2019;Mobile Data and Voice Low Usage;0,86
Slovenia;2019;Mobile Data and Voice High Usage;0,86
Slovenia;2020;Fixed broadband 5GB;1,85
Slovenia;2020;Mobile broadband data only 1.5 GB;0,74
Slovenia;2020;Mobile Cellular Low Usage;0,85
Slovenia;2020;Mobile Data and Voice Low Usage;0,85
Slovenia;2020;Mobile Data and Voice High Usage;0,85
Slovenia;2018;Fixed broadband 5GB;50,92
Slovenia;2018;Mobile broadband data only 1.5 GB;20,05
Slovenia;2018;Mobile Cellular Low Usage;24,68
Slovenia;2018;Mobile Data and Voice Low Usage;24,68
Slovenia;2018;Mobile Data and Voice High Usage;38,57
Slovenia;2019;Fixed broadband 5GB;54,02
Slovenia;2019;Mobile broadband data only 1.5 GB;20,05
Slovenia;2019;Mobile Cellular Low Usage;23,14
Slovenia;2019;Mobile Data and Voice Low Usage;23,14
Slovenia;2019;Mobile Data and Voice High Usage;23,14
Slovenia;2020;Fixed broadband 5GB;54,54
Slovenia;2020;Mobile broadband data only 1.5 GB;21,80
Slovenia;2020;Mobile Cellular Low Usage;24,92
Slovenia;2020;Mobile Data and Voice Low Usage;24,92
Slovenia;2020;Mobile Data and Voice High Usage;24,92
Slovenia;2018;Fixed broadband 5GB;38,96
Slovenia;2018;Mobile broadband data only 1.5 GB;15,34
Slovenia;2018;Mobile Cellular Low Usage;18,88
Slovenia;2018;Mobile Data and Voice Low Usage;18,88
Slovenia;2018;Mobile Data and Voice High Usage;29,51
Slovenia;2019;Fixed broadband 5GB;41,33
Slovenia;2019;Mobile broadband data only 1.5 GB;15,34
Slovenia;2019;Mobile Cellular Low Usage;17,70
Slovenia;2019;Mobile Data and Voice Low Usage;17,70
Slovenia;2019;Mobile Data and Voice High Usage;17,70
Slovenia;2020;Fixed broadband 5GB;39,70
Slovenia;2020;Mobile broadband data only 1.5 GB;15,87
Slovenia;2020;Mobile Cellular Low Usage;18,14
Slovenia;2020;Mobile Data and Voice Low Usage;18,14
Slovenia;2020;Mobile Data and Voice High Usage;18,14
Spain;2018;Fixed broadband 5GB;2,17
Spain;2018;Mobile broadband data only 1.5 GB;0,29
Spain;2018;Mobile Cellular Low Usage;0,57
Spain;2018;Mobile Data and Voice Low Usage;0,58
Spain;2018;Mobile Data and Voice High Usage;0,88
Spain;2019;Fixed broadband 5GB;1,92
Spain;2019;Mobile broadband data only 1.5 GB;0,33
Spain;2019;Mobile Cellular Low Usage;0,67
Spain;2019;Mobile Data and Voice Low Usage;0,67
Spain;2019;Mobile Data and Voice High Usage;0,90
Spain;2020;Fixed broadband 5GB;1,72
Spain;2020;Mobile broadband data only 1.5 GB;0,31
Spain;2020;Mobile Cellular Low Usage;0,54
Spain;2020;Mobile Data and Voice Low Usage;0,54
Spain;2020;Mobile Data and Voice High Usage;1,03
Spain;2018;Fixed broadband 5GB;62,92
Spain;2018;Mobile broadband data only 1.5 GB;8,39
Spain;2018;Mobile Cellular Low Usage;16,70
Spain;2018;Mobile Data and Voice Low Usage;16,78
Spain;2018;Mobile Data and Voice High Usage;25,45
Spain;2019;Fixed broadband 5GB;55,93
Spain;2019;Mobile broadband data only 1.5 GB;9,72
Spain;2019;Mobile Cellular Low Usage;19,42
Spain;2019;Mobile Data and Voice Low Usage;19,42
Spain;2019;Mobile Data and Voice High Usage;26,19
Spain;2020;Fixed broadband 5GB;53,96
Spain;2020;Mobile broadband data only 1.5 GB;9,87
Spain;2020;Mobile Cellular Low Usage;16,88
Spain;2020;Mobile Data and Voice Low Usage;16,88
Spain;2020;Mobile Data and Voice High Usage;32,28
Spain;2018;Fixed broadband 5GB;53,14
Spain;2018;Mobile broadband data only 1.5 GB;7,09
Spain;2018;Mobile Cellular Low Usage;14,10
Spain;2018;Mobile Data and Voice Low Usage;14,17
Spain;2018;Mobile Data and Voice High Usage;21,49
Spain;2019;Fixed broadband 5GB;47,24
Spain;2019;Mobile broadband data only 1.5 GB;8,21
Spain;2019;Mobile Cellular Low Usage;16,40
Spain;2019;Mobile Data and Voice Low Usage;16,40
Spain;2019;Mobile Data and Voice High Usage;22,12
Spain;2020;Fixed broadband 5GB;43,10
Spain;2020;Mobile broadband data only 1.5 GB;7,88
Spain;2020;Mobile Cellular Low Usage;13,49
Spain;2020;Mobile Data and Voice Low Usage;13,49
Spain;2020;Mobile Data and Voice High Usage;25,78
Sweden;2018;Fixed broadband 5GB;0,98
Sweden;2018;Mobile broadband data only 1.5 GB;0,37
Sweden;2018;Mobile Cellular Low Usage;0,58
Sweden;2018;Mobile Data and Voice Low Usage;0,50
Sweden;2018;Mobile Data and Voice High Usage;0,50
Sweden;2019;Fixed broadband 5GB;0,98
Sweden;2019;Mobile broadband data only 1.5 GB;0,37
Sweden;2019;Mobile Cellular Low Usage;0,58
Sweden;2019;Mobile Data and Voice Low Usage;0,50
Sweden;2019;Mobile Data and Voice High Usage;0,50
Sweden;2020;Fixed broadband 5GB;1,05
Sweden;2020;Mobile broadband data only 1.5 GB;0,48
Sweden;2020;Mobile Cellular Low Usage;0,56
Sweden;2020;Mobile Data and Voice Low Usage;0,52
Sweden;2020;Mobile Data and Voice High Usage;0,52
Sweden;2018;Fixed broadband 5GB;41,59
Sweden;2018;Mobile broadband data only 1.5 GB;15,93
Sweden;2018;Mobile Cellular Low Usage;24,91
Sweden;2018;Mobile Data and Voice Low Usage;21,28
Sweden;2018;Mobile Data and Voice High Usage;21,28
Sweden;2019;Fixed broadband 5GB;41,59
Sweden;2019;Mobile broadband data only 1.5 GB;15,93
Sweden;2019;Mobile Cellular Low Usage;24,91
Sweden;2019;Mobile Data and Voice Low Usage;21,28
Sweden;2019;Mobile Data and Voice High Usage;21,28
Sweden;2020;Fixed broadband 5GB;47,16
Sweden;2020;Mobile broadband data only 1.5 GB;21,38
Sweden;2020;Mobile Cellular Low Usage;25,03
Sweden;2020;Mobile Data and Voice Low Usage;23,53
Sweden;2020;Mobile Data and Voice High Usage;23,53
Sweden;2018;Fixed broadband 5GB;44,75
Sweden;2018;Mobile broadband data only 1.5 GB;17,14
Sweden;2018;Mobile Cellular Low Usage;26,80
Sweden;2018;Mobile Data and Voice Low Usage;22,89
Sweden;2018;Mobile Data and Voice High Usage;22,89
Sweden;2019;Fixed broadband 5GB;44,75
Sweden;2019;Mobile broadband data only 1.5 GB;17,14
Sweden;2019;Mobile Cellular Low Usage;26,80
Sweden;2019;Mobile Data and Voice Low Usage;22,89
Sweden;2019;Mobile Data and Voice High Usage;22,89
Sweden;2020;Fixed broadband 5GB;47,33
Sweden;2020;Mobile broadband data only 1.5 GB;21,45
Sweden;2020;Mobile Cellular Low Usage;25,11
Sweden;2020;Mobile Data and Voice Low Usage;23,61
Sweden;2020;Mobile Data and Voice High Usage;23,61
Switzerland;2018;Fixed broadband 5GB;0,95
Switzerland;2018;Mobile broadband data only 1.5 GB;0,72
Switzerland;2018;Mobile Cellular Low Usage;0,56
Switzerland;2018;Mobile Data and Voice Low Usage;0,43
Switzerland;2018;Mobile Data and Voice High Usage;0,43
Switzerland;2019;Fixed broadband 5GB;0,95
Switzerland;2019;Mobile broadband data only 1.5 GB;0,72
Switzerland;2019;Mobile Cellular Low Usage;0,49
Switzerland;2019;Mobile Data and Voice Low Usage;0,37
Switzerland;2019;Mobile Data and Voice High Usage;0,51
Switzerland;2020;Fixed broadband 5GB;0,94
Switzerland;2020;Mobile broadband data only 1.5 GB;0,65
Switzerland;2020;Mobile Cellular Low Usage;0,48
Switzerland;2020;Mobile Data and Voice Low Usage;0,36
Switzerland;2020;Mobile Data and Voice High Usage;0,65
Switzerland;2018;Fixed broadband 5GB;47,27
Switzerland;2018;Mobile broadband data only 1.5 GB;35,64
Switzerland;2018;Mobile Cellular Low Usage;27,81
Switzerland;2018;Mobile Data and Voice Low Usage;21,09
Switzerland;2018;Mobile Data and Voice High Usage;21,09
Switzerland;2019;Fixed broadband 5GB;47,27
Switzerland;2019;Mobile broadband data only 1.5 GB;35,64
Switzerland;2019;Mobile Cellular Low Usage;24,19
Switzerland;2019;Mobile Data and Voice Low Usage;18,18
Switzerland;2019;Mobile Data and Voice High Usage;25,45
Switzerland;2020;Fixed broadband 5GB;49,49
Switzerland;2020;Mobile broadband data only 1.5 GB;34,27
Switzerland;2020;Mobile Cellular Low Usage;25,33
Switzerland;2020;Mobile Data and Voice Low Usage;19,04
Switzerland;2020;Mobile Data and Voice High Usage;34,27
Switzerland;2018;Fixed broadband 5GB;66,47
Switzerland;2018;Mobile broadband data only 1.5 GB;50,11
Switzerland;2018;Mobile Cellular Low Usage;39,10
Switzerland;2018;Mobile Data and Voice Low Usage;29,66
Switzerland;2018;Mobile Data and Voice High Usage;29,66
Switzerland;2019;Fixed broadband 5GB;66,47
Switzerland;2019;Mobile broadband data only 1.5 GB;50,11
Switzerland;2019;Mobile Cellular Low Usage;34,01
Switzerland;2019;Mobile Data and Voice Low Usage;25,57
Switzerland;2019;Mobile Data and Voice High Usage;35,79
Switzerland;2020;Fixed broadband 5GB;69,02
Switzerland;2020;Mobile broadband data only 1.5 GB;47,78
Switzerland;2020;Mobile Cellular Low Usage;35,31
Switzerland;2020;Mobile Data and Voice Low Usage;26,54
Switzerland;2020;Mobile Data and Voice High Usage;47,78
Turkey;2018;Fixed broadband 5GB;2,66
Turkey;2018;Mobile broadband data only 1.5 GB;1,32
Turkey;2018;Mobile Cellular Low Usage;0,69
Turkey;2018;Mobile Data and Voice Low Usage;1,77
Turkey;2018;Mobile Data and Voice High Usage;1,77
Turkey;2019;Fixed broadband 5GB;1,63
Turkey;2019;Mobile broadband data only 1.5 GB;0,93
Turkey;2019;Mobile Cellular Low Usage;0,69
Turkey;2019;Mobile Data and Voice Low Usage;0,93
Turkey;2019;Mobile Data and Voice High Usage;0,93
Turkey;2020;Fixed broadband 5GB;0,95
Turkey;2020;Mobile broadband data only 1.5 GB;0,95
Turkey;2020;Mobile Cellular Low Usage;0,83
Turkey;2020;Mobile Data and Voice Low Usage;0,83
Turkey;2020;Mobile Data and Voice High Usage;0,83
Turkey;2018;Fixed broadband 5GB;66,03
Turkey;2018;Mobile broadband data only 1.5 GB;32,72
Turkey;2018;Mobile Cellular Low Usage;17,25
Turkey;2018;Mobile Data and Voice Low Usage;44,02
Turkey;2018;Mobile Data and Voice High Usage;44,02
Turkey;2019;Fixed broadband 5GB;40,45
Turkey;2019;Mobile broadband data only 1.5 GB;23,20
Turkey;2019;Mobile Cellular Low Usage;17,25
Turkey;2019;Mobile Data and Voice Low Usage;23,20
Turkey;2019;Mobile Data and Voice High Usage;23,20
Turkey;2020;Fixed broadband 5GB;18,28
Turkey;2020;Mobile broadband data only 1.5 GB;18,28
Turkey;2020;Mobile Cellular Low Usage;16,03
Turkey;2020;Mobile Data and Voice Low Usage;16,03
Turkey;2020;Mobile Data and Voice High Usage;16,03
Turkey;2018;Fixed broadband 5GB;22,99
Turkey;2018;Mobile broadband data only 1.5 GB;11,39
Turkey;2018;Mobile Cellular Low Usage;6,01
Turkey;2018;Mobile Data and Voice Low Usage;15,33
Turkey;2018;Mobile Data and Voice High Usage;15,33
Turkey;2019;Fixed broadband 5GB;14,08
Turkey;2019;Mobile broadband data only 1.5 GB;8,08
Turkey;2019;Mobile Cellular Low Usage;6,01
Turkey;2019;Mobile Data and Voice Low Usage;8,08
Turkey;2019;Mobile Data and Voice High Usage;8,08
Turkey;2020;Fixed broadband 5GB;5,68
Turkey;2020;Mobile broadband data only 1.5 GB;5,68
Turkey;2020;Mobile Cellular Low Usage;4,98
Turkey;2020;Mobile Data and Voice Low Usage;4,98
Turkey;2020;Mobile Data and Voice High Usage;4,98
Ukraine;2018;Fixed broadband 5GB;1,58
Ukraine;2018;Mobile broadband data only 1.5 GB;0,83
Ukraine;2018;Mobile Cellular Low Usage;1,28
Ukraine;2018;Mobile Data and Voice Low Usage;1,28
Ukraine;2018;Mobile Data and Voice High Usage;1,28
Ukraine;2019;Fixed broadband 5GB;1,82
Ukraine;2019;Mobile broadband data only 1.5 GB;1,24
Ukraine;2019;Mobile Cellular Low Usage;1,28
Ukraine;2019;Mobile Data and Voice Low Usage;1,28
Ukraine;2019;Mobile Data and Voice High Usage;1,28
Ukraine;2020;Fixed broadband 5GB;1,60
Ukraine;2020;Mobile broadband data only 1.5 GB;1,54
Ukraine;2020;Mobile Cellular Low Usage;1,61
Ukraine;2020;Mobile Data and Voice Low Usage;1,61
Ukraine;2020;Mobile Data and Voice High Usage;1,80
Ukraine;2018;Fixed broadband 5GB;13,24
Ukraine;2018;Mobile broadband data only 1.5 GB;6,97
Ukraine;2018;Mobile Cellular Low Usage;10,73
Ukraine;2018;Mobile Data and Voice Low Usage;10,73
Ukraine;2018;Mobile Data and Voice High Usage;10,73
Ukraine;2019;Fixed broadband 5GB;15,34
Ukraine;2019;Mobile broadband data only 1.5 GB;10,46
Ukraine;2019;Mobile Cellular Low Usage;10,73
Ukraine;2019;Mobile Data and Voice Low Usage;10,73
Ukraine;2019;Mobile Data and Voice High Usage;10,73
Ukraine;2020;Fixed broadband 5GB;16,17
Ukraine;2020;Mobile broadband data only 1.5 GB;15,55
Ukraine;2020;Mobile Cellular Low Usage;16,29
Ukraine;2020;Mobile Data and Voice Low Usage;16,29
Ukraine;2020;Mobile Data and Voice High Usage;18,16
Ukraine;2018;Fixed broadband 5GB;3,49
Ukraine;2018;Mobile broadband data only 1.5 GB;1,84
Ukraine;2018;Mobile Cellular Low Usage;2,83
Ukraine;2018;Mobile Data and Voice Low Usage;2,83
Ukraine;2018;Mobile Data and Voice High Usage;2,83
Ukraine;2019;Fixed broadband 5GB;4,04
Ukraine;2019;Mobile broadband data only 1.5 GB;2,76
Ukraine;2019;Mobile Cellular Low Usage;2,83
Ukraine;2019;Mobile Data and Voice Low Usage;2,83
Ukraine;2019;Mobile Data and Voice High Usage;2,83
Ukraine;2020;Fixed broadband 5GB;4,77
Ukraine;2020;Mobile broadband data only 1.5 GB;4,59
Ukraine;2020;Mobile Cellular Low Usage;4,81
Ukraine;2020;Mobile Data and Voice Low Usage;4,81
Ukraine;2020;Mobile Data and Voice High Usage;5,36
United Kingdom;2018;Fixed broadband 5GB;1,28
United Kingdom;2018;Mobile broadband data only 1.5 GB;0,50
United Kingdom;2018;Mobile Cellular Low Usage;0,54
United Kingdom;2018;Mobile Data and Voice Low Usage;0,54
United Kingdom;2018;Mobile Data and Voice High Usage;0,66
United Kingdom;2019;Fixed broadband 5GB;1,28
United Kingdom;2019;Mobile broadband data only 1.5 GB;0,58
United Kingdom;2019;Mobile Cellular Low Usage;0,50
United Kingdom;2019;Mobile Data and Voice Low Usage;0,62
United Kingdom;2019;Mobile Data and Voice High Usage;0,74
United Kingdom;2020;Fixed broadband 5GB;1,99
United Kingdom;2020;Mobile broadband data only 1.5 GB;0,55
United Kingdom;2020;Mobile Cellular Low Usage;0,48
United Kingdom;2020;Mobile Data and Voice Low Usage;0,59
United Kingdom;2020;Mobile Data and Voice High Usage;0,70
United Kingdom;2018;Fixed broadband 5GB;41,80
United Kingdom;2018;Mobile broadband data only 1.5 GB;16,47
United Kingdom;2018;Mobile Cellular Low Usage;17,74
United Kingdom;2018;Mobile Data and Voice Low Usage;17,74
United Kingdom;2018;Mobile Data and Voice High Usage;21,54
United Kingdom;2019;Fixed broadband 5GB;41,80
United Kingdom;2019;Mobile broadband data only 1.5 GB;19,01
United Kingdom;2019;Mobile Cellular Low Usage;16,47
United Kingdom;2019;Mobile Data and Voice Low Usage;20,28
United Kingdom;2019;Mobile Data and Voice High Usage;24,08
United Kingdom;2020;Fixed broadband 5GB;69,73
United Kingdom;2020;Mobile broadband data only 1.5 GB;19,34
United Kingdom;2020;Mobile Cellular Low Usage;16,76
United Kingdom;2020;Mobile Data and Voice Low Usage;20,63
United Kingdom;2020;Mobile Data and Voice High Usage;24,50
United Kingdom;2018;Fixed broadband 5GB;44,01
United Kingdom;2018;Mobile broadband data only 1.5 GB;17,34
United Kingdom;2018;Mobile Cellular Low Usage;18,68
United Kingdom;2018;Mobile Data and Voice Low Usage;18,68
United Kingdom;2018;Mobile Data and Voice High Usage;22,68
United Kingdom;2019;Fixed broadband 5GB;44,01
United Kingdom;2019;Mobile broadband data only 1.5 GB;20,01
United Kingdom;2019;Mobile Cellular Low Usage;17,34
United Kingdom;2019;Mobile Data and Voice Low Usage;21,35
United Kingdom;2019;Mobile Data and Voice High Usage;25,35
United Kingdom;2020;Fixed broadband 5GB;68,46
United Kingdom;2020;Mobile broadband data only 1.5 GB;18,99
United Kingdom;2020;Mobile Cellular Low Usage;16,46
United Kingdom;2020;Mobile Data and Voice Low Usage;20,25
United Kingdom;2020;Mobile Data and Voice High Usage;24,05
Bulgaria;2018;GDP;3,10
Bulgaria;2019;GDP;3,70
Bulgaria;2020;GDP;-4,20
Croatia;2018;GDP;2,80
Croatia;2019;GDP;2,90
Croatia;2020;GDP;-8,40
Cyprus;2018;GDP;5,20
Cyprus;2019;GDP;3,10
Cyprus;2020;GDP;-5,10
Czech Republic;2018;GDP;3,20
Czech Republic;2019;GDP;2,30
Czech Republic;2020;GDP;-5,60
Denmark;2018;GDP;2,20
Denmark;2019;GDP;2,80
Denmark;2020;GDP;-3,30
Estonia;2018;GDP;4,40
Estonia;2019;GDP;5,00
Estonia;2020;GDP;-2,90
Finland;2018;GDP;1,30
Finland;2019;GDP;1,30
Finland;2020;GDP;-2,80
France;2018;GDP;1,80
France;2019;GDP;1,50
France;2020;GDP;-8,10
Germany;2018;GDP;1,30
Germany;2019;GDP;0,60
Germany;2020;GDP;-4,90
Greece;2018;GDP;1,60
Greece;2019;GDP;1,90
Greece;2020;GDP;-8,20
Hungary;2018;GDP;5,40
Hungary;2019;GDP;4,60
Hungary;2020;GDP;-5,00
Iceland;2018;GDP;4,70
Iceland;2019;GDP;2,60
Iceland;2020;GDP;-6,60
Ireland;2018;GDP;8,50
Ireland;2019;GDP;5,60
Ireland;2020;GDP;3,40
Italy;2018;GDP;0,90
Italy;2019;GDP;0,30
Italy;2020;GDP;-8,90
Latvia;2018;GDP;4,00
Latvia;2019;GDP;2,00
Latvia;2020;GDP;-3,60
Lithuania;2018;GDP;3,90
Lithuania;2019;GDP;4,30
Lithuania;2020;GDP;-0,80
Luxembourg;2018;GDP;3,10
Luxembourg;2019;GDP;2,30
Luxembourg;2020;GDP;-1,30
Netherlands;2018;GDP;2,40
Netherlands;2019;GDP;1,70
Netherlands;2020;GDP;-3,80
North Macedonia;2018;GDP;2,90
North Macedonia;2019;GDP;3,20
North Macedonia;2020;GDP;-4,50
Norway;2018;GDP;1,10
Norway;2019;GDP;0,90
Norway;2020;GDP;-0,80
Poland;2018;GDP;5,40
Poland;2019;GDP;4,50
Poland;2020;GDP;-2,70
Portugal;2018;GDP;2,80
Portugal;2019;GDP;2,50
Portugal;2020;GDP;-7,60
Romania;2018;GDP;4,50
Romania;2019;GDP;4,10
Romania;2020;GDP;-3,90
Serbia;2018;GDP;4,50
Serbia;2019;GDP;4,20
Serbia;2020;GDP;-1,00
Slovakia;2018;GDP;3,80
Slovakia;2019;GDP;2,30
Slovakia;2020;GDP;-5,20
Slovenia;2018;GDP;4,40
Slovenia;2019;GDP;3,20
Slovenia;2020;GDP;-5,50
Spain;2018;GDP;2,40
Spain;2019;GDP;2,00
Spain;2020;GDP;-11,00
Sweden;2018;GDP;2,00
Sweden;2019;GDP;1,40
Sweden;2020;GDP;-2,80
Switzerland;2018;GDP;3,00
Switzerland;2019;GDP;1,10
Switzerland;2020;GDP;-2,90
Turkey;2018;GDP;3,00
Turkey;2019;GDP;0,90
Turkey;2020;GDP;1,80
United Kingdom;2018;GDP;1,30
United Kingdom;2019;GDP;1,40
United Kingdom;2020;GDP;-10,00
